{
  "Submit Form" : {
    "transaction" : "Submit Form",
    "sampleCount" : 12420,
    "errorCount" : 0,
    "errorPct" : 0.0,
    "meanResTime" : 689.8197262479881,
    "medianResTime" : 8.0,
    "minResTime" : 3.0,
    "maxResTime" : 40713.0,
    "pct1ResTime" : 427.6999999999989,
    "pct2ResTime" : 2090.949999999999,
    "pct3ResTime" : 16572.69999999997,
    "throughput" : 21.02846461732258,
    "receivedKBytesPerSec" : 6.530323972957597,
    "sentKBytesPerSec" : 5.667828353887725
  },
  "Total" : {
    "transaction" : "Total",
    "sampleCount" : 12420,
    "errorCount" : 0,
    "errorPct" : 0.0,
    "meanResTime" : 689.8197262479881,
    "medianResTime" : 8.0,
    "minResTime" : 3.0,
    "maxResTime" : 40713.0,
    "pct1ResTime" : 427.6999999999989,
    "pct2ResTime" : 2090.949999999999,
    "pct3ResTime" : 16572.69999999997,
    "throughput" : 21.02846461732258,
    "receivedKBytesPerSec" : 6.530323972957597,
    "sentKBytesPerSec" : 5.667828353887725
  }
}